,ground-truth,starcoder2-3b
Success count,3039.0,293.0
Error count,0.0,2746.0
Success rate,100.0,9.641329384666008
Error rate,0.0,90.35867061533399
