,ground-truth,gemini-2.5-pro,claude-haiku-4-5,claude-3-5,deepseek-chat-v3-1,gpt-4o,codestral-2508,gpt-4o-mini,meta-llama,qwen-2-5-7b-instruct,llama-3-2-3b-instruct
Success count,3040.0,1844.0,1762.0,1689.0,1624.0,1566.0,1352.0,1315.0,1193.0,933.0,237.0
Error count,0.0,1196.0,1278.0,1351.0,1416.0,1474.0,1688.0,1725.0,1847.0,2107.0,2803.0
Success rate,100.0,60.6578947368421,57.96052631578947,55.55921052631579,53.421052631578945,51.51315789473684,44.473684210526315,43.25657894736842,39.24342105263158,30.69078947368421,7.796052631578948
Error rate,0.0,39.3421052631579,42.03947368421053,44.44078947368421,46.578947368421055,48.48684210526316,55.526315789473685,56.74342105263158,60.75657894736842,69.3092105263158,92.20394736842105
