,ground-truth,claude-3-5-sonnet-beg2000,claude-3-5-sonnet-mid2000,claude-3-5-sonnet-end2000
Success count,3040.0,1684.0,1669.0,1654.0
Error count,0.0,1356.0,1371.0,1386.0
Success rate,100.0,55.39473684210526,54.901315789473685,54.4078947368421
Error rate,0.0,44.60526315789474,45.098684210526315,45.5921052631579
