,ground-truth,gpt-4o-end2000,gpt-4o-mid2000,gpt-4o-beg2000
Success count,3040.0,1574.0,1572.0,1571.0
Error count,0.0,1466.0,1468.0,1469.0
Success rate,100.0,51.776315789473685,51.71052631578947,51.67763157894737
Error rate,0.0,48.223684210526315,48.28947368421053,48.32236842105263
