,ground-truth,starcoder2-3B-2000end,starcoder2-3B-2000beg,starcoder2-3B-2000mid
Success count,3039.0,416.0,365.0,333.0
Error count,0.0,2623.0,2674.0,2706.0
Success rate,100.0,13.688713392563344,12.01052977953274,10.957551826258637
Error rate,0.0,86.31128660743666,87.98947022046725,89.04244817374136
