,ground-truth,linguist,go-enry,hyperpolyglot,gemini-2.5-pro,claude-haiku-4-5,claude-3-5,deepseek-chat-v3-1,gpt-4o,codestral-2508,gpt-4o-mini,meta-llama,qwen-2-5-7b-instruct,cloc,pygments-filename,magika,starcoder2-3B-2000mid,pygments-file-content,llama-3-2-3b-instruct,guesslang
Success count,3040.0,3016.0,2733.0,1888.0,1844.0,1762.0,1689.0,1624.0,1566.0,1352.0,1315.0,1193.0,933.0,848.0,775.0,643.0,333.0,262.0,237.0,0.0
Error count,0.0,24.0,307.0,1152.0,1196.0,1278.0,1351.0,1416.0,1474.0,1688.0,1725.0,1847.0,2107.0,2192.0,2265.0,2397.0,2707.0,2778.0,2803.0,3040.0
Success rate,100.0,99.21052631578948,89.90131578947368,62.10526315789474,60.6578947368421,57.96052631578947,55.55921052631579,53.421052631578945,51.51315789473684,44.473684210526315,43.25657894736842,39.24342105263158,30.69078947368421,27.894736842105264,25.49342105263158,21.151315789473685,10.953947368421053,8.618421052631579,7.796052631578948,0.0
Error rate,0.0,0.7894736842105203,10.098684210526315,37.89473684210526,39.3421052631579,42.03947368421053,44.44078947368421,46.578947368421055,48.48684210526316,55.526315789473685,56.74342105263158,60.75657894736842,69.3092105263158,72.10526315789474,74.50657894736842,78.84868421052632,89.04605263157895,91.38157894736842,92.20394736842105,100.0
