,ground-truth,linguist
Success count,3039.0,3029.0
Error count,0.0,10.0
Success rate,100.0,99.67094438960184
Error rate,0.0,0.32905561039815723
